Datetime,Water Level (m)
2025-06-23 18:00:00,0.61136067
2025-06-23 19:00:00,0.94694465
2025-06-23 20:00:00,1.2280421
2025-06-23 21:00:00,1.2603961
2025-06-23 22:00:00,1.1043199
2025-06-23 23:00:00,0.85576427
2025-06-24 00:00:00,0.59746504
2025-06-24 01:00:00,0.36286047
2025-06-24 02:00:00,0.16582087
2025-06-24 03:00:00,-0.004463179
2025-06-24 04:00:00,-0.11973583
2025-06-24 05:00:00,0.21620537
2025-06-24 06:00:00,0.7538416
2025-06-24 07:00:00,1.2664812
2025-06-24 08:00:00,1.7228347
2025-06-24 09:00:00,1.9474566
2025-06-24 10:00:00,1.925479
2025-06-24 11:00:00,1.6353699
2025-06-24 12:00:00,1.3020424
2025-06-24 13:00:00,0.9792717
2025-06-24 14:00:00,0.7126929
2025-06-24 15:00:00,0.5012721
2025-06-24 16:00:00,0.31717592
2025-06-24 17:00:00,0.17531459
2025-06-24 18:00:00,0.38050202
2025-06-24 19:00:00,0.9065364
2025-06-24 20:00:00,1.3040111
2025-06-24 21:00:00,1.608126
2025-06-24 22:00:00,1.6592739
2025-06-24 23:00:00,1.4483835
2025-06-25 00:00:00,1.165643
2025-06-25 01:00:00,0.89121395
2025-06-25 02:00:00,0.6575259
2025-06-25 03:00:00,0.44508043
2025-06-25 04:00:00,0.27150905
2025-06-25 05:00:00,0.1763889
2025-06-25 06:00:00,0.626231
2025-06-25 07:00:00,1.1697737
2025-06-25 08:00:00,1.7016878
2025-06-25 09:00:00,2.1410024
2025-06-25 10:00:00,2.3041537
2025-06-25 11:00:00,2.134938
2025-06-25 12:00:00,1.7746049
2025-06-25 13:00:00,1.4303386
2025-06-25 14:00:00,1.1093462
2025-06-25 15:00:00,0.8614617
2025-06-25 16:00:00,0.63613826
2025-06-25 17:00:00,0.44519615
2025-06-25 18:00:00,0.30906993
2025-06-25 19:00:00,0.5472486
2025-06-25 20:00:00,1.0715147
2025-06-25 21:00:00,1.4566916
2025-06-25 22:00:00,1.7148466
2025-06-25 23:00:00,1.7150983
2025-06-26 00:00:00,1.4612576
2025-06-26 01:00:00,1.1707778
2025-06-26 02:00:00,0.89987916
2025-06-26 03:00:00,0.6643743
2025-06-26 04:00:00,0.45483792
2025-06-26 05:00:00,0.2817972
2025-06-26 06:00:00,0.19844306
2025-06-26 07:00:00,0.64745927
2025-06-26 08:00:00,1.2029468
2025-06-26 09:00:00,1.7223501
2025-06-26 10:00:00,2.120927
2025-06-26 11:00:00,2.2377636
2025-06-26 12:00:00,1.9955735
2025-06-26 13:00:00,1.6440088
2025-06-26 14:00:00,1.3117958
2025-06-26 15:00:00,1.0305117
2025-06-26 16:00:00,0.7849137
2025-06-26 17:00:00,0.56530666
2025-06-26 18:00:00,0.37790513
2025-06-26 19:00:00,0.266477
2025-06-26 20:00:00,0.5969372
2025-06-26 21:00:00,1.0988024
2025-06-26 22:00:00,1.4709512
2025-06-26 23:00:00,1.6837054
2025-06-27 00:00:00,1.6300503
2025-06-27 01:00:00,1.3593849
2025-06-27 02:00:00,1.0645634
2025-06-27 03:00:00,0.79977584
2025-06-27 04:00:00,0.57044816
2025-06-27 05:00:00,0.3735433
2025-06-27 06:00:00,0.21124576
2025-06-27 07:00:00,0.19156817
2025-06-27 08:00:00,0.7405217
2025-06-27 09:00:00,1.2861166
2025-06-27 10:00:00,1.7965959
2025-06-27 11:00:00,2.1477754
2025-06-27 12:00:00,2.1883018
2025-06-27 13:00:00,1.9000912
2025-06-27 14:00:00,1.566186
2025-06-27 15:00:00,1.2429278
2025-06-27 16:00:00,0.9767617
2025-06-27 17:00:00,0.73466945
2025-06-27 18:00:00,0.5232359
2025-06-27 19:00:00,0.34640345
2025-06-27 20:00:00,0.3156874
2025-06-27 21:00:00,0.77453864
2025-06-27 22:00:00,1.2319357
2025-06-27 23:00:00,1.5619406
2025-06-28 00:00:00,1.7185339
2025-06-28 01:00:00,1.6005305
2025-06-28 02:00:00,1.3245753
2025-06-28 03:00:00,1.0391285
2025-06-28 04:00:00,0.78396225
2025-06-28 05:00:00,0.5604098
2025-06-28 06:00:00,0.36931336
2025-06-28 07:00:00,0.21936452
2025-06-28 08:00:00,0.33651313
2025-06-28 09:00:00,0.94797134
2025-06-28 10:00:00,1.4621524
2025-06-28 11:00:00,1.9245113
2025-06-28 12:00:00,2.177807
2025-06-28 13:00:00,2.0958686
2025-06-28 14:00:00,1.7694819
2025-06-28 15:00:00,1.4483858
2025-06-28 16:00:00,1.1500597
2025-06-28 17:00:00,0.89892626
2025-06-28 18:00:00,0.66818273
2025-06-28 19:00:00,0.4733715
2025-06-28 20:00:00,0.31757936
2025-06-28 21:00:00,0.41787586
2025-06-28 22:00:00,0.9453642
2025-06-28 23:00:00,1.3574296
2025-06-29 00:00:00,1.6486552
2025-06-29 01:00:00,1.7486926
2025-06-29 02:00:00,1.5826703
2025-06-29 03:00:00,1.3068781
2025-06-29 04:00:00,1.0268464
2025-06-29 05:00:00,0.77635866
2025-06-29 06:00:00,0.55985785
2025-06-29 07:00:00,0.3851065
2025-06-29 08:00:00,0.27526164
2025-06-29 09:00:00,0.57092214
2025-06-29 10:00:00,1.1201265
2025-06-29 11:00:00,1.5905658
2025-06-29 12:00:00,1.9696752
2025-06-29 13:00:00,2.1140962
2025-06-29 14:00:00,1.9370848
2025-06-29 15:00:00,1.6213311
2025-06-29 16:00:00,1.3145299
2025-06-29 17:00:00,1.0462403
2025-06-29 18:00:00,0.80342716
